artist,country,releaseyear
Spiderbait,Australia,1996
Tool,USA,1996
Ben Folds Five,USA,1996
Butthole Surfers,USA,1996
Bush,UK,1996
Powderfinger,Australia,1996
The Prodigy,UK,1996
Allen Ginsberg,USA,1996
Weezer,USA,1996
311,USA,1996
Underworld,UK,1996
The Smashing Pumpkins,USA,1996
Regurgitator,Australia,1996
Babylon Zoo,UK,1996
The Fauves,Australia,1996
Foo Fighters,USA,1996
Ash,Ireland,1996
Everclear,USA,1996
No Doubt,USA,1996
Chemical Brothers,UK,1996
Cake,USA,1996
Skin,UK,1996
2Pac,USA,1996
Tracy Bonham,USA,1996
Fugees,USA,1996
Primitive Radio Gods,USA,1996
Jamiroquai,UK,1996
The Eels,USA,1996
Tricky/Garbage,UK,1996
Geggy Tah,USA,1996
Fini Scad,Australia,1996
The Cranberries,Ireland,1996
Nirvana,USA,1996
Rage Against the Machine,USA,1996
Pearl Jam,USA,1996
Nada Surf,USA,1996
Definition of Sound,UK,1996
The Presidents of the USA,USA,1996
Garbage,USA,1996
Metallica,USA,1996
Bjork,Iceland,1996
Tumbleweed,Australia,1996
Kula Shaker,UK,1996
Bad Religion,USA,1996
Angelique Kidjo,Benin,1996
Goldfinger,USA,1996
Crowded House,Australia,1996
Mullen/Clayton,Ireland,1996
Insurge,Australia,1996
Pulp,UK,1996
Frenzal Rhomb,Australia,1996
Hole,USA,1996
Ministry,USA,1996
Spacehog,UK,1996
Soundgarden,USA,1996
OMC,New Zealand,1996
The Whitlams,Australia,1996
You Am I,Australia,1996
The Superjesus,Australia,1996
Luscious Jackson,USA,1996
Hoodoo Gurus,Australia,1996
Ash,UK,1996
Neneh Cherry,Sweden,1996
R.E.M.,USA,1996
Hunting Party,Australia,1996
Snout,Australia,1996
Barry Adamson,UK,1996
Skunk Anansie,UK,1996
Frank Bennett,Australia,1996
AC/DC,Australia,1996
Tori Amos,USA,1996
Republica,UK,1996
Ben Harper,USA,1996
Nirvana,USA,1991
Joy Division,UK,1979
Hunters & Collectors,Australia,1985
Andy Prieboy,USA,1990
The Smiths,UK,1984
The Stone Roses,UK,1989
The Cure,UK,1980
Violent Femmes,USA,1982
New Order,UK,1983
The Cure,UK,1987
The The,UK,1983
Nick Cave & The Bad Seeds,Australia,1990
The Cult,UK,1985
Kate Bush,UK,1978
Falling Joys,Australia,1990
Violent Femmes,USA,1983
Billy Bragg,UK,1991
New Order,UK,1986
Sex Pistols,UK,1976
Dead Kennedys,USA,1980
Pixies,USA,1989
The Smiths,UK,1983
Led Zeppelin,UK,1971
The Church,Australia,1988
R.E.M.,USA,1991
Clouds,Australia,1991
Died Pretty,Australia,1991
The Cure,UK,1981
The Smiths,UK,1986
The Cure,UK,1985
Boys Next Door,Australia,1978
Red Hot Chili Peppers,USA,1991
R.E.M.,USA,1987
The Cure,UK,1989
Hunters & Collectors,Australia,1982
They Might Be Giants,USA,1990
Radio Birdman,Australia,1978
Queen,UK,1975
This Mortal Coil,UK,1983
Tall Tales and True,Australia,1989
The Triffids,Australia,1986
Hunters & Collectors,Australia,1984
Soft Cell,UK,1981
New Order,UK,1987
Sonic Youth,USA,1990
Billy Bragg,UK,1988
Pink Floyd,UK,1975
The Doors,USA,1967
Metallica,USA,1991
The Jimi Hendrix Experience,USA,1968
R.E.M.,USA,1988
Massive Attack,UK,1991
R.E.M.,USA,1986
Straitjacket Fits,New Zealand,1990
Frente!,Australia,1991
The Church,Australia,1981
Pink Floyd,UK,1979
The Cure,UK,1983
Billy Bragg,UK,1986
The Doors,USA,1971
Dinosaur Jr,USA,1988
Def FX,Australia,1990
Ride,UK,1991
Yothu Yindi,Australia,1991
The Only Ones,UK,1978
The Wonder Stuff,UK,1991
The Rolling Stones,UK,1968
Nick Cave & The Bad Seeds,Australia,1988
Metallica,USA,1989
My Bloody Valentine,Ireland,1991
Public Enemy,USA,1987
XTC,UK,1986
Jesus Jones,UK,1989
The Go-Betweens,Australia,1983
The Clash,UK,1979
U2,Ireland,1984
Prince,USA,1991
Queens of the Stone Age,USA,2002
Grinspoon,Australia,2002
The Waifs,Australia,2002
1200 Techniques,Australia,2002
The Vines,Australia,2002
Machine Gun Fellatio,Australia,2002
Eminem,USA,2002
Red Hot Chili Peppers,USA,2002
Silverchair,Australia,2002
Foo Fighters,USA,2002
System of a Down,USA,2002
Audioslave,USA,2002
Ben Lee,Australia,2002
Salmon Hater,Australia,2002
John Butler Trio,Australia,2002
Pearl Jam,USA,2002
Motor Ace,Australia,2002
Bodyjar,Australia,2002
George,Australia,2002
The Hives,Sweden,2002
Pacifier,New Zealand,2002
Waikiki,Australia,2002
The Drugs,Australia,2002
Coldplay,UK,2002
The Whitlams,Australia,2002
N.E.R.D,USA,2002
Jamiroquai,UK,2002
Wilcannia Mob,Australia,2002
The Living End,Australia,2002
Basement Jaxx,UK,2002
The Androids,Australia,2002
PJ Harvey and Gordon Gano,UK,2002
JXL vs Elvis Presley,Netherlands,2002
Moby,USA,2002
Something for Kate,Australia,2002
Gomez,UK,2002
Area-7,Australia,2002
Augie March,Australia,2002
Frenzal Rhomb,Australia,2002
Weezer,USA,2002
Ms. Dynamite,UK,2002
The Streets,UK,2002
Badly Drawn Boy,UK,2002
You Am I,Australia,2002
Ben Harper,USA,2002
28 Days,Australia,2002
Oasis,UK,2002
The Chemical Brothers,UK,2002
Groove Armada,UK,2002
Rocket Science,Australia,2002
Antiskeptic,Australia,2002
Tori Amos,USA,2002
Machine Translations,Australia,2002
U2,Ireland,2002
Cartman,Australia,2002
Mumford & Sons,UK,2009
Art vs Science,Australia,2009
Hilltop Hoods,Australia,2009
Phoenix,France,2009
Bluejuice,Australia,2009
La Roux,UK,2009
Lisa Mitchell,Australia,2009
Lily Allen,UK,2009
Muse,UK,2009
Florence and the Machine,UK,2009
Yeah Yeah Yeahs,USA,2009
Dizzee Rascal and Armand Van Helden,UK,2009
Edward Sharpe and the Magnetic Zeros,USA,2009
Gossip,USA,2009
Kasabian,UK,2009
Bag Raiders,Australia,2009
Passion Pit,USA,2009
The Temper Trap,Australia,2009
Vampire Weekend,USA,2009
The Bloody Beetroots,Italy,2009
Flight of the Conchords,New Zealand,2009
Sarah Blasko,Australia,2009
Seth Sentry,Australia,2009
Paul Dempsey,Australia,2009
Kid Cudi,USA,2009
Little Birdy,Australia,2009
The John Butler Trio,Australia,2009
Angus & Julia Stone,Australia,2009
Simian Mobile Disco,UK,2009
British India,Australia,2009
Bon Iver,USA,2009
Karnivool,Australia,2009
Powderfinger,Australia,2009
Sia,Australia,2009
Miike Snow,Sweden,2009
Arctic Monkeys,UK,2009
Franz Ferdinand,UK,2009
The xx,UK,2009
Philadelphia Grand Jury,Australia,2009
Grizzly Bear,USA,2009
Bloc Party,UK,2009
The Middle East,Australia,2009
Eskimo Joe,Australia,2009
Illy,Australia,2009
Washington,Australia,2009
The Prodigy,UK,2009
Death Cab for Cutie,USA,2009
Animal Collective,USA,2009
Bertie Blackman,Australia,2009
MSTRKRFT,Canada,2009
Wolfmother,Australia,2009
Julian Casablancas,USA,2009
Tame Impala,Australia,2009
Yves Klein Blue,Australia,2009
Dizzee Rascal,UK,2009
Miami Horror,Australia,2009
Basement Jaxx,UK,2009
NOFX,USA,2009
Jay-Z,USA,2009
Friendly Fires,UK,2009
Regina Spektor,USA,2009
Silversun Pickups,USA,2009
Deadmau5,Canada,2009
Them Crooked Vultures,USA,2009
Tegan and Sara,Canada,2009
Foo Fighters,USA,2009
Rage Against the Machine,USA,1992
Jeff Buckley,USA,1994
Joy Division,UK,1980
Radiohead,UK,1997
Foo Fighters,USA,1997
John Lennon,UK,1971
Oasis,UK,1995
Radiohead,UK,1992
The Verve,UK,1997
Hilltop Hoods,Australia,2003
Muse,UK,2006
Metallica,USA,1988
The White Stripes,USA,2003
Powderfinger,Australia,2000
Massive Attack,UK,1998
The Beatles,UK,1967
Pearl Jam,USA,1991
Michael Jackson,USA,1984
Radiohead,UK,1995
Pixies,USA,1988
Silverchair,Australia,1994
The Living End,Australia,1997
Nick Cave & The Bad Seeds,Australia,1997
The Killers,USA,2004
Pearl Jam,USA,1994
Michael Jackson,USA,1983
Bloc Party,UK,2005
The Beach Boys,USA,1966
The Beatles,UK,1968
Faith No More,USA,1990
The John Butler Trio,Australia,2001
Beastie Boys,USA,1994
The Smashing Pumpkins,USA,1995
You Am I,Australia,1994
Bob Dylan,USA,1965
Tool,USA,1997
Daft Punk,France,1997
Augie March,Australia,2006
Johnny Cash,USA,2003
Blur,UK,1997
Nine Inch Nails,USA,1994
AC/DC,Australia,1990
Underworld,UK,1995
Elton John,UK,1971
Ben Folds Five,USA,1997
Blink-182,USA,1997
The Shins,USA,2001
Green Day,USA,1997
Gotye,Australia,2006
The Smashing Pumpkins,USA,1993
David Bowie,UK,1971
The Rolling Stones,UK,1966
Pulp,UK,1995
System of a Down,USA,2001
Placebo,UK,1999
Bob Marley & The Wailers,Jamaica,1974
The Dandy Warhols,USA,2000
The Beatles,UK,1969
Coldplay,UK,2000
The Rolling Stones,UK,1969
Kings of Leon,USA,2008
AC/DC,Australia,1980
Bon Iver,USA,2008
Modest Mouse,USA,2004
Stevie Wonder,USA,1972
Daft Punk,France,2000
Midnight Oil,Australia,1987
Led Zeppelin,UK,1975
TV on the Radio,USA,2006
Franz Ferdinand,UK,2004
Angus & Julia Stone,Australia,2010
Little Red,Australia,2010
Ou Est Le Swimming Pool,UK,2010
Birds of Tokyo,Australia,2010
Boy & Bear,Australia,2010
Adrian Lux,Sweden,2010
Cee-Lo Green,USA,2010
The Wombats,UK,2010
Art vs Science,Australia,2010
Mark Ronson & The Business Intl.,UK,2010
Pendulum,Australia,2010
Drapht,Australia,2010
Sia,Australia,2010
Kanye West,USA,2010
Duck Sauce,USA,2010
The Jezabels,Australia,2010
Flight Facilities,Australia,2010
Washington,Australia,2010
Two Door Cinema Club,UK,2010
Children Collide,Australia,2010
Bliss n Eso,Australia,2010
Gotye,Australia,2010
Crystal Castles,Canada,2010
Dizzee Rascal & Florence and the Machine,UK,2010
Darwin Deez,USA,2010
Illy,Australia,2010
Yeasayer,USA,2010
The National,USA,2010
Foster the People,USA,2010
Tame Impala,Australia,2010
The Naked and Famous,New Zealand,2010
Chiddy Bang,USA,2010
Gorillaz,UK,2010
The John Butler Trio,Australia,2010
Yolanda Be Cool & DCUP,Australia,2010
Bag Raiders,Australia,2010
Hot Chip,UK,2010
The John Steel Singers,Australia,2010
Miami Horror,Australia,2010
Vampire Weekend,USA,2010
Example,UK,2010
Arcade Fire,Canada,2010
Gypsy & the Cat,Australia,2010
Dead Letter Circus,Australia,2010
Cold War Kids,USA,2010
Andy Bull,Australia,2010
Groove Armada,UK,2010
Hungry Kids of Hungary,Australia,2010
Kings of Leon,USA,2010
Big Boi,USA,2010
Klaxons,UK,2010
The Black Keys,USA,2010
Evil Eddie,Australia,2010
Interpol,USA,2010
The Bedroom Philosopher,Australia,2010
LCD Soundsystem,USA,2010
Xavier Rudd,Australia,2010
Broken Bells,USA,2010
Jonsi,Iceland,2010
Parkway Drive,Australia,2010
Foals,UK,2010
Muse,UK,2010
Denis Leary,USA,1993
Radiohead,UK,1993
The Cranberries,Ireland,1993
Blind Melon,USA,1993
The Breeders,USA,1993
Rage Against the Machine,USA,1993
U2,Ireland,1993
Pearl Jam,USA,1993
The Cruel Sea,Australia,1993
Atomic Swing,Sweden,1993
R.E.M.,USA,1993
Stone Temple Pilots,USA,1993
Red Hot Chili Peppers,USA,1993
Violent Femmes,USA,1993
Iggy Pop,USA,1993
Urge Overkill,USA,1993
Cypress Hill,USA,1993
Pet Shop Boys,UK,1993
Neneh Cherry & Michael Stipe,USA,1993
Nirvana,USA,1993
Nick Cave & The Bad Seeds,Australia,1993
Bjork,Iceland,1993
Belly,USA,1993
Efua,UK,1993
Tool,USA,1993
Lenny Kravitz,USA,1993
Ace of Base,Sweden,1993
k.d. lang,Canada,1993
Paw,USA,1993
Porno for Pyros,USA,1993
US3,UK,1993
Salt-N-Pepa,USA,1993
Hoodoo Gurus,Australia,1993
Juliana Hatfield,USA,1993
Dinosaur Jr.,USA,1993
Yothu Yindi,Australia,1993
Gabrielle,UK,1993
Headless Chickens,New Zealand,1993
King Missile,USA,1993
Chaka Demus & Pliers,Jamaica,1993
Living Colour,USA,1993
Alice in Chains,USA,1993
Soul Asylum,USA,1993
Buffalo Tom,USA,1993
Hunters and Collectors,Australia,1993
Deborah Conway,Australia,1993
Crowded House,Australia,1993
Christine Anu & Paul Kelly,Australia,1993
Faith No More,USA,1993
The Sharp,Australia,1993
Screaming Trees,USA,1993
New Order,UK,1993
Utah Saints,UK,1993
Apache Indian,UK,1993
Culture Beat,Germany,1993
Suede,UK,1993
Ed Kuepper,Australia,1993
Barefoot,Australia,1993
Arrested Development,USA,1993
Caligula,Australia,1993
The Badloves,Australia,1993
East 17,UK,1993
The Lemonheads,USA,1993
Underground Lovers,Australia,1993
Green Jelly,USA,1993
Swoop,Australia,1993
Grant Lee Buffalo,USA,1993
Mixed Relations,Australia,1993
Blur,UK,1993
Things of Stone and Wood,Australia,1993
Depeche Mode,UK,1993
Inner Circle,Jamaica,1993
"10,000 Maniacs",USA,1993
Kate Bush,UK,1993
Kev Carmody,Australia,1993
The Shamen,UK,1993
Van Morrison & John Lee Hooker,UK,1993
The Offspring,USA,1998
Ben Lee,Australia,1998
Hole,USA,1998
Korn,USA,1998
Regurgitator,Australia,1998
Jebediah,Australia,1998
Powderfinger,Australia,1998
You Am I,Australia,1998
The Living End,Australia,1998
U2,Ireland,1998
Ben Folds Five,USA,1998
They Might Be Giants,USA,1998
Josh Abrahams & Amiel Daemion,Australia,1998
Grinspoon,Australia,1998
Wyclef Jean,USA,1998
Chef,USA,1998
Marcy Playground,USA,1998
Custard,Australia,1998
Beastie Boys,USA,1998
Jeff Buckley,USA,1998
Cake,USA,1998
Paul McDermott,Australia,1998
Eskimo Joe,Australia,1998
Barenaked Ladies,Canada,1998
Harvey Danger,USA,1998
TISM,Australia,1998
The Whitlams,Australia,1998
The Mighty Mighty Bosstones,USA,1998
Adam Sandler,USA,1998
Placebo,UK,1998
Marilyn Manson,USA,1998
The Smashing Pumpkins,USA,1998
Pearl Jam,USA,1998
Catatonia,UK,1998
Green Day,USA,1998
Everclear,USA,1998
Frenzal Rhomb,Australia,1998
Radiohead,UK,1998
Propellerheads & Shirley Bassey,UK,1998
Ani DiFranco,USA,1998
Fatboy Slim,UK,1998
Antenna,Australia,1998
Rage Against the Machine,USA,1998
Metallica,USA,1998
Dandy Warhols,USA,1998
Pollyanna,Australia,1998
Manic Street Preachers,UK,1998
Happyland,Australia,1998
Stardust,France,1998
Foo Fighters,USA,1998
Rob Zombie,USA,1998
Fuel,USA,1998
Babybird,UK,1998
Bran Van 3000,Canada,1998
Drugstore,UK,1998
The Superjesus,Australia,1998
Something for Kate,Australia,1998
Garbage,USA,1998
Space with Cerys Matthews,UK,1998
Silverchair,Australia,1998
Beck,USA,1998
Midnight Oil,Australia,1998
Even,Australia,1998
Superjesus,Australia,1998
Not From There,Australia,1998
Missy Higgins,Australia,2004
Eskimo Joe,Australia,2004
Spiderbait,Australia,2004
John Butler Trio,Australia,2004
Little Birdy,Australia,2004
Powderfinger,Australia,2004
The White Stripes,USA,2004
The Dresden Dolls,USA,2004
Ben Lee,Australia,2004
Grinspoon,Australia,2004
Butterfingers,Australia,2004
The Streets,UK,2004
William Shatner,Canada,2004
Green Day,USA,2004
Scissor Sisters,USA,2004
Beastie Boys,USA,2004
Kings of Leon,USA,2004
The Bees,UK,2004
Machine Gun Fellatio,Australia,2004
Scribe,New Zealand,2004
Jeff Buckley,USA,2004
Ben Folds,USA,2004
U2,Ireland,2004
Faithless,UK,2004
Lior,Australia,2004
Dogs Die in Hot Cars,UK,2004
Wolfmother,Australia,2004
Rammstein,Germany,2004
Elliott Smith,USA,2004
Regurgitator,Australia,2004
Placebo,UK,2004
The Waifs,Australia,2004
The Hives,Sweden,2004
Xavier Rudd,Australia,2004
Evermore,New Zealand,2004
Your Wedding Night,Australia,2004
Deep Dish,USA,2004
N.E.R.D.,USA,2004
Epicure,Australia,2004
Chemical Brothers,UK,2004
Devendra Banhart,USA,2004
The Black Keys,USA,2004
The Freestylers,UK,2004
Starsailor,UK,2004
The Polyphonic Spree,USA,2004
The Panda Band,Australia,2004
Interpol,USA,2004
Snow Patrol,UK,2004
Dallas Crane,Australia,2004
The Dissociatives,Australia,2004
End of Fashion,Australia,2004
Mylo,UK,2004
The Unicorns,Canada,2004
Sia,Australia,2004
A Perfect Circle,USA,2004
Jet,Australia,2004
The Greenskeepers,USA,2004
Decoder Ring,Australia,2004
The Vines,Australia,2004
After the Fall,Australia,2004
Gyroscope,Australia,2004
Gomez,UK,2004
The Butterfly Effect,Australia,2004
The Sugarcubes,Iceland,1987
Black Box,Italy,1989
Public Enemy,USA,1989
N.W.A.,USA,1988
Neneh Cherry,Sweden,1988
Prince,USA,1987
Prince,USA,1986
Soul II Soul,UK,1989
Aretha Franklin,USA,1965
The Smiths,UK,1985
Died Pretty,Australia,1989
ABBA,Sweden,1975
David Bowie,UK,1977
Elvis Costello,UK,1977
Simple Minds,UK,1981
New Order,UK,1982
Pop Will Eat Itself,UK,1989
Hunters & Collectors,Australia,1986
Elvis Costello,UK,1986
Sakamoto And Sylvian,Japan,1983
Concrete Blonde,USA,1989
Talking Heads,USA,1981
Madonna,USA,1985
Double Trouble And Rebel MC,UK,1989
The Go-Betweens,Australia,1987
Laughing Clowns,Australia,1984
Sonic Youth,USA,1988
Marvin Gaye,USA,1982
De La Soul,USA,1988
Tall Tales And True,Australia,1989
Lou Reed,USA,1972
The Whitlams,Australia,1997
Chumbawamba,UK,1997
Pauline Pantsdown,Australia,1997
Marilyn Manson,USA,1997
Jebediah,Australia,1997
Silverchair,Australia,1997
The Superjesus,Australia,1997
Cordrazine,Australia,1997
Regurgitator,Australia,1997
Cake,USA,1997
Spiderbait,Australia,1997
Korn,USA,1997
Nine Inch Nails,USA,1997
Dana Lyons,USA,1997
Third Eye Blind,USA,1997
Faith No More,USA,1997
Pendulum {Melbourne},Australia,1997
Grinspoon,Australia,1997
The Sundays,UK,1997
Ween,USA,1997
Metallica,USA,1997
Something for Kate,Australia,1997
Beck,USA,1997
Cornershop,UK,1997
The Tea Party,Canada,1997
The Cure,UK,1997
The Bloodhound Gang,USA,1997
Custard,Australia,1997
Arkarna,UK,1997
Everclear,USA,1997
Garbage,USA,1997
Red Hot Chili Peppers,USA,1997
The Prodigy,UK,1997
My Drug Hell,UK,1997
Diana Ah Naid,Australia,1997
White Town,UK,1997
They Might Be Giants,USA,1997
The Smashing Pumpkins,USA,1997
The Lemonheads,USA,1997
Powderfinger,Australia,1997
The Offspring,USA,1997
Jamiroquai,UK,1997
Reef,UK,1997
Robyn Loau,Australia,1997
Front End Loader,Australia,1997
Rage Against the Machine,USA,1997
Space,UK,1997
Imani Coppola,USA,1997
The Cardigans,Sweden,1997
The Mark of Cain,Australia,1997
Portishead,UK,1997
Ben Harper,USA,1997
Kylie Minogue,Australia,1997
Primus,USA,1997
Lard,Australia,1997
Brainbug,UK,1997
Sneaker Pimps,UK,1997
Beaverloop,Australia,1997
Dandy Warhols,USA,1997
Pennywise,USA,1997
Blue Boy,UK,1997
Sidewinder,Australia,1997
Skunkhour,Australia,1997
Local H,USA,1997
Arkarna,USA,1997
Luscious Jackson,USA,1997
Effigy,Australia,1997
Alex Lloyd,Australia,2001
Something for Kate,Australia,2001
John Butler Trio,Australia,2001
Alien Ant Farm,USA,2001
Weezer,USA,2001
The Avalanches,Australia,2001
Gorillaz,UK,2001
Cake,USA,2001
Garbage,USA,2001
The Strokes,USA,2001
Tool,USA,2001
28 Days/Apollo 440,Australia,2001
Rage Against the Machine,USA,2001
George,Australia,2001
Fatboy Slim,UK,2001
Gerling,Australia,2001
Eskimo Joe,Australia,2001
Jamiroquai,UK,2001
Regurgitator,Australia,2001
Jebediah,Australia,2001
Machine Gun Fellatio,Australia,2001
Placebo,UK,2001
James,UK,2001
Dido,UK,2001
Radiohead,UK,2001
New Order,UK,2001
The Cruel Sea,Australia,2001
U2,Ireland,2001
The Eels,USA,2001
Tori Amos,USA,2001
The Smashing Pumpkins,USA,2001
Augie March,Australia,2001
Paul Mac,Australia,2001
Nick Cave & The Bad Seeds,Australia,2001
Motor Ace,Australia,2001
Blink-182,USA,2001
Linkin Park,USA,2001
You Am I,Australia,2001
Jimmy Eat World,USA,2001
At the Drive-In,USA,2001
Daft Punk,France,2001
The White Stripes,USA,2001
Ash,Ireland,2001
Ben Folds,USA,2001
Blueline Medic,Australia,2001
Unwritten Law,USA,2001
Rammstein,Germany,2001
Spiderbait,Australia,2001
The Living End,Australia,2001
Muse,UK,2001
Groove Armada,UK,2001
Big Heavy Stuff,Australia,2001
Cruel Sea,Australia,2001
R.E.M.,USA,2001
Crazy Town,USA,2001
Ash,UK,2001
Supermen Lovers,France,2001
Rhubarb,Australia,2001
Michael Franti and Spearhead,USA,2001
Sum 41,Canada,2001
Butthole Surfers,USA,2001
Depeche Mode,UK,2001
Good Charlotte,USA,2001
Pennywise,USA,2001
Superheist,Australia,2001
Faithless,UK,2001
The Chemical Brothers,UK,2001
Endorphin,Australia,2001
Muse,UK,2007
Silverchair,Australia,2007
Kings of Leon,USA,2007
The John Butler Trio,Australia,2007
Faker,Australia,2007
Foo Fighters,USA,2007
Daft Punk,France,2007
Cold War Kids,USA,2007
Bluejuice,Australia,2007
Kaiser Chiefs,UK,2007
Muscles,Australia,2007
Powderfinger,Australia,2007
Gyroscope,Australia,2007
M.I.A,UK,2007
The Presets,Australia,2007
Architecture in Helsinki,Australia,2007
Kanye West,USA,2007
The Chemical Brothers,UK,2007
The White Stripes,USA,2007
Bloc Party,UK,2007
Urthboy,Australia,2007
Hilltop Hoods,Australia,2007
Operator Please,Australia,2007
Silversun Pickups,USA,2007
Regina Spektor,USA,2007
Angus and Julia Stone,Australia,2007
Feist,Canada,2007
Justice,France,2007
The Beautiful Girls,Australia,2007
Cut Copy,Australia,2007
Modest Mouse,USA,2007
Tegan and Sara,Canada,2007
Lupe Fiasco,USA,2007
My Chemical Romance,USA,2007
British India,Australia,2007
Cog,Australia,2007
Arctic Monkeys,UK,2007
The Cat Empire,Australia,2007
Missy Higgins,Australia,2007
Kisschasy,Australia,2007
Klaxons,UK,2007
Xavier Rudd,Australia,2007
Midnight Juggernauts,Australia,2007
The Fratellis,UK,2007
Birds of Tokyo,Australia,2007
Karnivool,Australia,2007
The Shins,USA,2007
Editors,UK,2007
Amy Winehouse,UK,2007
Ben Kweller,USA,2007
Digitalism,Germany,2007
The Butterfly Effect,Australia,2007
Jose Gonzalez,Sweden,2007
Grinspoon,Australia,2007
Kasabian,UK,2007
Josh Pyke,Australia,2007
Arcade Fire,Canada,2007
Wolfmother,Australia,2007
Yeah Yeah Yeahs,USA,2007
Jackson Jackson,Australia,2007
The Cops,Australia,2007
Queens of the Stone Age,USA,2007
Clare Bowditch and the Feeding Set,Australia,2007
The Waifs,Australia,2007
The Bumblebeez,Australia,2007
Radiohead,UK,2007
Ben Lee,Australia,2007
Interpol,USA,2007
The Hives,Sweden,2007
Pnau,Australia,2007
MGMT,USA,2008
Empire of the Sun,Australia,2008
The Presets,Australia,2008
Pez,Australia,2008
Drapht,Australia,2008
Ladyhawke,New Zealand,2008
Pnau,Australia,2008
The Herd,Australia,2008
The Rapture,USA,2008
Cut Copy,Australia,2008
Dizzee Rascal,UK,2008
Flight of the Conchords,New Zealand,2008
Birds of Tokyo,Australia,2008
The Living End,Australia,2008
Kaiser Chiefs,UK,2008
Josh Pyke,Australia,2008
Architecture in Helsinki,Australia,2008
Vampire Weekend,USA,2008
Cog,Australia,2008
The Kooks,UK,2008
The Grates,Australia,2008
Nick Cave & The Bad Seeds,Australia,2008
Death Cab For Cutie,USA,2008
Cold War Kids,USA,2008
Bliss n Eso,Australia,2008
Soko,France,2008
Emiliana Torrini,Iceland,2008
Laura Marling,UK,2008
Art vs Science,Australia,2008
Muscles,Australia,2008
Lily Allen,UK,2008
Little Red,Australia,2008
Something With Numbers,Australia,2008
Mystery Jets,UK,2008
Ash Grunwald,Australia,2008
The Killers,USA,2008
The Butterfly Effect,Australia,2008
Ween,USA,2008
Santogold,USA,2008
The Getaway Plan,Australia,2008
Faker,Australia,2008
"Does It Offend You, Yeah?",UK,2008
Fleet Foxes,USA,2008
Children Collide,Australia,2008
Hot Chip,UK,2008
Tame Impala,Australia,2008
Yves Klein Blue,Australia,2008
The Ting Tings,UK,2008
Sparkadia,Australia,2008
Weezer,USA,2008
Franz Ferdinand,UK,2008
Rise Against,USA,2008
Gyroscope,Australia,2008
Muph & Plutonic,Australia,2008
Jack White and Alicia Keys,USA,2008
Metallica,USA,2008
Kanye West,USA,2008
Lisa Mitchell,Australia,2008
Pendulum,Australia,2008
Sigur Ros,Iceland,2008
Wiley,UK,2008
Lyrics Born,USA,2008
Eskimo Joe,Australia,2006
Hilltop Hoods,Australia,2006
The Killers,USA,2006
Gnarls Barkley,USA,2006
Snow Patrol,UK,2006
The Grates,Australia,2006
Little Birdy,Australia,2006
The John Butler Trio,Australia,2006
My Chemical Romance,USA,2006
OK Go,USA,2006
Lily Allen,UK,2006
Peter Bjorn and John,Sweden,2006
Lupe Fiasco,USA,2006
Regina Spektor,USA,2006
Youth Group,Australia,2006
Tool,USA,2006
Yeah Yeah Yeahs,USA,2006
Placebo,UK,2006
Camille,France,2006
The Strokes,USA,2006
The Saboteurs,USA,2006
Arctic Monkeys,UK,2006
The Butterfly Effect,Australia,2006
The Cops,Australia,2006
Red Hot Chili Peppers,USA,2006
Bob Evans,Australia,2006
Josh Pyke,Australia,2006
Basement Jaxx,UK,2006
Angus and Julia Stone,Australia,2006
Lady Sovereign,UK,2006
Karnivool,Australia,2006
AFI,USA,2006
Pony Up!,Canada,2006
Something for Kate,Australia,2006
The Herd,Australia,2006
The Living End,Australia,2006
Wolfmother,Australia,2006
Sarah Blasko,Australia,2006
Hot Chip,UK,2006
Foo Fighters,USA,2006
Justice Vs Simian,France,2006
Something With Numbers,Australia,2006
Bloc Party,UK,2006
Darren Hanlon,Australia,2006
Beck,USA,2006
Ben Folds,USA,2006
Jet,Australia,2006
Matisyahu,USA,2006
Ben Kweller,USA,2006
Freestylers/Pendulum,Australia,2006
Butterfingers,Australia,2006
Thom Yorke,UK,2006
Infadels,UK,2006
Kanye West,USA,2006
Ben Harper,USA,2006
Pendulum,Australia,2006
Jurassic 5,USA,2006
Panic! at the Disco,USA,2006
Red Riders,Australia,2006
Pearl Jam,USA,2006
The Gossip,USA,2006
Audioslave,USA,2006
Blue King Brown,Australia,2006
Smashing Pumpkins,USA,1995
Presidents of the U.S.A.,USA,1995
Everclear,USA,1995
Custard,Australia,1995
Nick Cave & The Bad Seeds and Kylie Minogue,Australia,1995
TISM,Australia,1995
Mindless Drug Hoover,UK,1995
Jeff Buckley,USA,1995
Garbage,UK,1995
Regurgitator,Australia,1995
Jill Sobule,USA,1995
Tripping Daisy,USA,1995
Red Hot Chili Peppers,USA,1995
Live,USA,1995
Passengers,Ireland,1995
You Am I,Australia,1995
Insurge,Australia,1995
Neil Young,Canada,1995
Ammonia,Australia,1995
Faith No More,USA,1995
Natalie Merchant,USA,1995
Rancid,USA,1995
Swoop,Australia,1995
Bush,UK,1995
Pearl Jam,USA,1995
Tricky,UK,1995
Foo Fighters,USA,1995
Alanis Morissette,Canada,1995
Skunk Anansie,UK,1995
Sonic Youth,USA,1995
Spiderbait,Australia,1995
Portishead,UK,1995
Green Day,USA,1995
Christine Anu,Australia,1995
Technohead,UK,1995
White Zombie,USA,1995
Buffalo Tom,USA,1995
Def FX,Australia,1995
The Murmurs,USA,1995
Blur,UK,1995
The Vaughans,Australia,1995
Skunkhour,Australia,1995
Phunk Junkeez,USA,1995
U2,Ireland,1995
Pollyanna,Australia,1995
Screaming Jets,Australia,1995
The Offspring,USA,1995
Shaggy,Jamaica,1995
The Tea Party,Canada,1995
Chris Isaak,USA,1995
Rail,Australia,1995
The Cure,UK,1995
Grinspoon,Australia,1995
Bad Religion,USA,1995
Severed Heads,Australia,1995
Strawpeople,New Zealand,1995
Supergrass,UK,1995
Mr Blonde,Australia,1995
Bjork,Iceland,1995
TLC,USA,1995
Yothu Yindi,Australia,1995
Alice in Chains,USA,1995
Matthew Sweet,USA,1995
Massive Attack,UK,1995
Tumbleweed,Australia,1995
Pop!,Australia,1995
Hecate,Australia,1995
U2,Ireland,2000
Wheatus,USA,2000
The Avalanches,Australia,2000
Red Hot Chili Peppers,USA,2000
Foo Fighters,USA,2000
Paul Kelly,Australia,2000
Dandy Warhols,USA,2000
28 Days,Australia,2000
Magic Dirt,Australia,2000
Rage Against the Machine,USA,2000
Green Day,USA,2000
Lo-Tel,Australia,2000
Machine Gun Fellatio,Australia,2000
The Superjesus,Australia,2000
The Living End,Australia,2000
Bodyjar,Australia,2000
Limp Bizkit,USA,2000
Moby,USA,2000
You Am I,Australia,2000
Bomfunk MCs,Finland,2000
Shihad,New Zealand,2000
George,Australia,2000
Stone Temple Pilots,USA,2000
Jebediah,Australia,2000
Travis,UK,2000
Grinspoon,Australia,2000
A Perfect Circle,USA,2000
Cypress Hill,USA,2000
The Whitlams,Australia,2000
Gomez,UK,2000
Placebo,UK,2000
Papa Roach,USA,2000
Millencolin,Sweden,2000
Radiohead,UK,2000
Fatboy Slim,UK,2000
Moloko,UK,2000
Filter,USA,2000
Regurgitator,Australia,2000
Skulker,Australia,2000
The Offspring,USA,2000
The Hippos,USA,2000
Blink-182,USA,2000
R.E.M.,USA,2000
Friendly,Australia,2000
Groove Armada,UK,2000
The Fauves,Australia,2000
Something for Kate,Australia,2000
Fiona Apple,USA,2000
Everlast,USA,2000
Motor Ace,Australia,2000
OPM,USA,2000
MxPx,USA,2000
Killing Heidi,Australia,2000
Tex Perkins,Australia,2000
Groove Terminator,Australia,2000
Slipknot,USA,2000
NOFX,USA,2000
The Smashing Pumpkins,USA,2000
Metallica,USA,2000
Korn,USA,2000
Muse,UK,2000
Skunkhour,Australia,2000
Pearl Jam,USA,2000
Klinger,Australia,2000
Madonna,USA,2000
Brassy,UK,2000
PJ Harvey,UK,2000
Area-7,Australia,2000
Reef,UK,2000
Silverchair,Australia,2000
Madison Avenue,Australia,2000
Jet,Australia,2003
OutKast,USA,2003
Powderfinger,Australia,2003
Coldplay,UK,2003
The Cat Empire,Australia,2003
The John Butler Trio,Australia,2003
Something for Kate,Australia,2003
The Waifs,Australia,2003
The Dandy Warhols,USA,2003
Butterfingers,Australia,2003
Little Birdy,Australia,2003
Jack Johnson,USA,2003
Ben Harper,USA,2003
Pete Murray,Australia,2003
Epicure,Australia,2003
Red Hot Chili Peppers,USA,2003
Electric Six,USA,2003
Placebo,UK,2003
Muse,UK,2003
Michael Franti and Spearhead,USA,2003
Magic Dirt,Australia,2003
Alex Lloyd,Australia,2003
The Beautiful Girls,Australia,2003
The Strokes,USA,2003
A Perfect Circle,USA,2003
The Herd,Australia,2003
Radiohead,UK,2003
The Bens,Australia,2003
Blink-182,USA,2003
Xavier Rudd,Australia,2003
Missy Higgins,Australia,2003
NOFX,USA,2003
Missy Elliott,USA,2003
AFI,USA,2003
Gus and Frank,Australia,2003
Metallica,USA,2003
Belle and Sebastian,UK,2003
Andromeda,Australia,2003
The Living End,Australia,2003
Amiel,Australia,2003
The Butterfly Effect,Australia,2003
Cody ChesnuTT,USA,2003
The Roots,USA,2003
Kelis,USA,2003
Benny Benassi Presents The Biz,Italy,2003
The Chemical Brothers,UK,2003
Basement Jaxx,UK,2003
Junior Senior,Denmark,2003
Machine Gun Fellatio,Australia,2003
Offcutts,Australia,2003
The Sleepy Jackson,Australia,2003
Gyroscope,Australia,2003
Soggy Bottom Boys,USA,2003
The Darkness,UK,2003
Blur,UK,2003
The Mars Volta,USA,2003
Powderfinger,Australia,1999
Killing Heidi,Australia,1999
The Tenants,Australia,1999
Fatboy Slim,UK,1999
Bloodhound Gang,USA,1999
Rage Against The Machine,USA,1999
Limp Bizkit,USA,1999
Pearl Jam,USA,1999
Red Hot Chili Peppers,USA,1999
The Foo Fighters,USA,1999
Garbage,USA,1999
Korn,USA,1999
Sonic Animation,Australia,1999
Jebediah,Australia,1999
Rhubarb,Australia,1999
Alex Lloyd,Australia,1999
Macy Gray,USA,1999
Frenzal Rhomb,Australia,1999
The Chemical Brothers,UK,1999
Silverchair,Australia,1999
Blink-182,USA,1999
The Tea Party,Canada,1999
Grinspoon,Australia,1999
Peter Helliar,Australia,1999
Bodyjar,Australia,1999
The Whitlams,Australia,1999
Eskimo Joe,Australia,1999
Spiderbait,Australia,1999
The Living End,Australia,1999
Custard,Australia,1999
Something For Kate,Australia,1999
Gerling,Australia,1999
Bush,UK,1999
Blur,UK,1999
Area-7,Australia,1999
The Fauves,Australia,1999
Ben Folds Five,USA,1999
Beck,USA,1999
Diana Ah Naid,Australia,1999
Metallica,USA,1999
Regurgitator,Australia,1999
Machine Gun Fellatio,Australia,1999
VAST,USA,1999
Augie March,Australia,1999
Jamiroquai,UK,1999
Ben Harper,USA,1999
Testeagles,Australia,1999
Madonna,USA,1999
Nine Inch Nails,USA,1999
The Mutton Birds,New Zealand,1999
Supergrass,UK,1999
Deadstar,Australia,1999
Friendly,Australia,1999
Bob Marley/Funkstar De Luxe,Jamaica,1999
The Cardigans,Sweden,1999
Moby,UK,1999
Moloko,UK,1999
Ben Lee,Australia,1999
Skunkhour,Australia,1999
Orgy,USA,1999
Green Day,USA,1999
Rammstein,Germany,1999
Pennywise,USA,1999
Elliott Smith,USA,1999
Turnstyle,Australia,1999
Public Image Ltd.,UK,1999
Sugar Ray,USA,1999
Bernard Fanning,Australia,2005
Ben Lee,Australia,2005
Gorillaz,UK,2005
Foo Fighters,USA,2005
The White Stripes,USA,2005
End of Fashion,Australia,2005
Wolfmother,Australia,2005
Franz Ferdinand,UK,2005
Datarock,Norway,2005
Kanye West,USA,2005
Sarah Blasko,Australia,2005
The Herd,Australia,2005
Josh Pyke,Australia,2005
Faker,Australia,2005
The Bloodhound Gang,USA,2005
The Cat Empire,Australia,2005
Coldplay,UK,2005
System of a Down,USA,2005
Kaiser Chiefs,UK,2005
Gyroscope,Australia,2005
After The Fall,Australia,2005
Missy Higgins,Australia,2005
Cog,Australia,2005
The Butterfly Effect,Australia,2005
Beck,USA,2005
Grinspoon,Australia,2005
Lior,Australia,2005
Emiliana Torrini,Iceland,2005
The Strokes,USA,2005
The Bravery,USA,2005
Arctic Monkeys,UK,2005
Audioslave,USA,2005
DVDA (from Team America: World Police),USA,2005
Ben Folds,USA,2005
Queens of the Stone Age,USA,2005
Martha Wainwright,USA,2005
The Dandy Warhols,USA,2005
Green Day,USA,2005
Clare Bowditch,Australia,2005
Jack Johnson,USA,2005
Ween,USA,2005
The Beautiful Girls,Australia,2005
Butterfingers,Australia,2005
The Mountain Goats,USA,2005
Bright Eyes,USA,2005
Babyshambles,UK,2005
The Chemical Brothers,UK,2005
Scissor Sisters,USA,2005
Epicure,Australia,2005
Xavier Rudd,Australia,2005
Kisschasy,Australia,2005
Little Birdy,Australia,2005
Karnivool,Australia,2005
Garbage,USA,2005
The Wrights,Australia,2005
The Cranberries,Ireland,1994
The Offspring,USA,1994
Veruca Salt,USA,1994
Nirvana,USA,1994
Max Sharam,Australia,1994
Tom Jones,UK,1994
Severed Heads,Australia,1994
Nick Cave & The Bad Seeds,Australia,1994
James,UK,1994
Bomb The Bass,UK,1994
The Cruel Sea,Australia,1994
Sheryl Crow,USA,1994
Stone Temple Pilots,USA,1994
Green Day,USA,1994
Nick Barker,Australia,1994
Itch-E and Scratch-E,Australia,1994
Soundgarden,USA,1994
Smashing Pumpkins,USA,1994
Live,USA,1994
Hole,USA,1994
Beck,USA,1994
Kylie Minogue,Australia,1994
Single Gun Theory,Australia,1994
Mazzy Star,USA,1994
Liz Phair,USA,1994
Tori Amos,USA,1994
The Prodigy,UK,1994
Dave Pike Set,USA,1994
Weezer,USA,1994
Kristin Hersh,USA,1994
Pet Shop Boys,UK,1994
Christine Anu,Australia,1994
The Grid,UK,1994
Counting Crows,USA,1994
Falling Joys,Australia,1994
Tumbleweed,Australia,1994
Penny Flanagan,Australia,1994
Ed Kuepper,Australia,1994
Frente!,Australia,1994
The Cure,UK,1994
The Jesus and Mary Chain,UK,1994
Pavement,USA,1994
Gin Blossoms,USA,1994
Pale,Australia,1994
Blur,UK,1994
The Black Crowes,USA,1994
Sonic Youth,USA,1994
Whale,Sweden,1994
L7,USA,1994
Dinosaur Jr.,USA,1994
Crash Test Dummies,Canada,1994
Urge Overkill,USA,1994
Lucas,Denmark,1994
The Sharp,Australia,1994
Swoop,Australia,1994
Francis Dunnery,UK,1994
Cracker,USA,1994
Alice in Chains,USA,1994
Sisters Underground,New Zealand,1994
Neil Young,Canada,1994
Love Spit Love,USA,1994
The Breeders,USA,1994
G Love & Special Sauce,USA,1994
Morrissey,UK,1994
Warren G & Nate Dogg,USA,1994
Collective Soul,USA,1994
Things of Stone and Wood,Australia,1994
Page and Plant,UK,1994
Def FX,Australia,1994
Ini Kamoze,Jamaica,1994
The Tea Party,Canada,1994
Angelique Kidjo,Benin,1994
Lisa Loeb & Nine Stories,USA,1994
Boys Next Door,Australia,1979
Aretha Franklin,USA,1967
Art Of Noise and Tom Jones,UK,1988
Machinations,Australia,1981
The Saints,Australia,1978
Talking Heads,USA,1977
The Damned,UK,1979
Iggy Pop,USA,1977
Enya,Ireland,1988
Womack & Womack,USA,1988
Sex Pistols,UK,1977
Echo & The Bunnymen,UK,1983
Television,USA,1977
The Sunnyboys,Australia,1981
Midnight Oil,Australia,1980
Art Of Noise,UK,1983
Elvis Costello,UK,1978
The Go-Betweens,Australia,1984
Propaganda,Germany,1985
The Jam,UK,1980
Derek And The Dominos,USA,1970
The Saints,Australia,1984
Warumpi Band,Australia,1987
Cocteau Twins,UK,1988
XTC,UK,1979
The Stranglers,UK,1981
Talking Heads,USA,1983
Grandmaster Flash,USA,1982
The Jam,UK,1978
Midnight Oil,Australia,1982
Daddy Cool,Australia,1971
Elvis Presley,USA,1969
Aretha Franklin,USA,1968
Lime Spiders,Australia,1984
Blondie,USA,1978
Cold Chisel,Australia,1978
Laurie Anderson,USA,1981
Do-Re-Mi,Australia,1985
Outline,Australia,1980
Baby Bird,UK,1996
Fun Lovin' Criminals,USA,1996
Beck,USA,1996
The Lemonheads,USA,1996
Rebecca's Empire,Australia,1996
Def FX,Australia,1996
Frente!,Australia,1996
Deadstar,Australia,1996
Midnight Oil,Australia,1996
The Mavis's,Australia,1996
Matthew Trapnell,Australia,1996
Jane's Addiction,USA,1990
Guns N' Roses,USA,1987
Ratcat,Australia,1990
Sinead O'Connor,Ireland,1987
Ned's Atomic Dustbin,UK,1991
The B-52's,USA,1978
Dramarama,USA,1985
Nirvana,USA,2002
Darren Hanlon,Australia,2002
Jurassic 5,USA,2002
Black Rebel Motorcycle Club,USA,2002
Sonic Animation,Australia,2002
The Fergusons,Australia,2002
Spiderbait,Australia,2002
Jamie T,UK,2009
Metric,Canada,2009
Weezer,USA,2009
Calvin Harris,UK,2009
Jet,Australia,2009
Manchester Orchestra,USA,2009
Guns N' Roses,USA,1988
Crowded House,Australia,1986
Cloud Control,Australia,2010
Sparkadia,Australia,2010
Gyroscope,Australia,2010
4 Non Blondes,USA,1993
The Cure,UK,1993
Ween,USA,1993
Dave Graney 'n' the Coral Snakes,Australia,1993
You Am I,Australia,1993
Sub Sub,UK,1993
Blink-182,USA,1998
Run-D.M.C. vs Jason Nevins,USA,1998
Pauline Pantsdown,Australia,1998
The Mavis's,Australia,1998
Ben Harper,USA,1998
Sarah Blasko,Australia,2004
The Living End,Australia,2004
The Von Bondies,USA,2004
The Spazzys,Australia,2004
Fabienne Delsol,France,2004
The Sundays,UK,1989
Sinead O'Connor,Ireland,1990
The B-52's,USA,1989
Depeche Mode,UK,1981
Smash Mouth,USA,1997
Quindon Tarver/Lee Perry,USA,1997
The Mavis's,Australia,1997
Ammonia,Australia,1997
Filter And The Crystal Method,USA,1997
Chemical Brothers,UK,1997
Live,USA,1997
Dave Graney,Australia,1997
Blackeyed Susans,Australia,1997
Rebecca's Empire,Australia,1997
Faithless,UK,1997
Basement Jaxx,UK,2001
Ben Harper,USA,2001
PJ Harvey/Thom Yorke,UK,2001
The Whitlams,Australia,2001
They Might Be Giants,USA,2001
Lazaro's Dog,Australia,2001
Soko,France,2007
The Panics,Australia,2007
The Wombats,UK,2007
Ben Folds,USA,2008
British India,Australia,2008
Ida Maria,Norway,2008
Band of Horses,USA,2008
Black Kids,USA,2008
Dukes of Windsor,Australia,2008
Scissor Sisters,USA,2006
Eagles of Death Metal,USA,2006
Coolio,USA,1995
Dave Graney 'n' The Coral Snakes,Australia,1995
Primus,USA,1995
Teenage Fanclub,UK,1995
Rebecca's Empire,Australia,1995
N-Trance,UK,1995
Dash Rip Rock,USA,1995
The Caulfields,USA,1995
Todd Snider,USA,1995
The Eels,USA,2000
Spiller,Italy,2000
Sinead O'Connor,Ireland,2000
Frenzal Rhomb,Australia,2000
Morcheeba,UK,2000
Frenzal Rhomb,Australia,2003
Ben Folds,USA,2003
Jane's Addiction,USA,2003
Gerling,Australia,2003
Chicks On Speed,Germany,2003
Madison Avenue,Australia,1999
The Cruel Sea,Australia,1999
Everlast,USA,1999
The Offspring,USA,1999
The Living End,Australia,2005
Architecture in Helsinki,Australia,2005
The Bedroom Philosopher,Australia,2005
Underground Lovers,Australia,1994
Youssou N'dour & Neneh Cherry,Senegal,1994
Rebecca's Empire,Australia,1994
Pop Will Eat Itself,UK,1994
R.E.M.,USA,1994
PM Dawn,USA,1994
Dave Graney 'n' the Coral Snakes,Australia,1994
The Cure,UK,1979
The Saints,Australia,1976
Gotye,Australia,2011
The Black Keys,USA,2011
Matt Corby,Australia,2011
Boy & Bear,Australia,2011
M83,France,2011
Lana Del Rey,USA,2011
San Cisco,Australia,2011
360,Australia,2011
The Jezabels,Australia,2011
Hilltop Hoods,Australia,2011
Calvin Harris,UK,2011
Architecture in Helsinki,Australia,2011
Florence and the Machine,UK,2011
Foster the People,USA,2011
Grouplove,USA,2011
Seeker Lover Keeper,Australia,2011
The Wombats,UK,2011
Nero,UK,2011
Bluejuice,Australia,2011
Skrillex,USA,2011
Snakadaktal,Australia,2011
Emma Louise,Australia,2011
Kimbra,New Zealand,2011
Example,UK,2011
Owl Eyes,Australia,2011
Drapht,Australia,2011
Ball Park Music,Australia,2011
Noah & the Whale,UK,2011
Jay-Z & Kanye West,USA,2011
Illy,Australia,2011
Benny Benassi,Italy,2011
Foster The People,USA,2011
The Strokes,USA,2011
Hermitude,Australia,2011
The Kooks,UK,2011
Active Child,USA,2011
Sparkadia,Australia,2011
Art vs. Science,Australia,2011
The Drums,USA,2011
Bon Iver,USA,2011
The Grates,Australia,2011
Architecture In Helsinki,Australia,2011
The Rubens,Australia,2011
Lykke Li,Sweden,2011
Washington,Australia,2011
Joe Goddard,UK,2011
Radiohead,UK,2011
Stonefield,Australia,2011
Foo Fighters,USA,2011
Kasabian,UK,2011
New Navy,Australia,2011
Arctic Monkeys,UK,2011
Jebediah,Australia,2011
Luke Million,Australia,2011
Flight Facilities,Australia,2011
Example & Skream,UK,2011
Redcoats,Australia,2011
Metronomy,UK,2011
Husky,Australia,2011
SBTRKT,UK,2011
Pnau,Australia,2011
Busby Marou,Australia,2011
Little Dragon,Sweden,2011
The Kills,UK,2011
Cosmo Jarvis,UK,2011
Bombay Bicycle Club,UK,2011
Beirut,USA,2011
Beastie Boys,USA,2011
City and Colour,Canada,2011
James Blake,UK,2011
The Beards,Australia,2011
Mr Little Jeans,Norway,2011
Powderfinger,Australia,NA
Silverchair,Australia,NA
AC/DC,Australia,NA
The Living End,Australia,NA
INXS,Australia,NA
The Presets,Australia,NA
Wolfmother,Australia,NA
The Avalanches,Australia,NA
Regurgitator,Australia,NA
Gotye,Australia,NA
Grinspoon,Australia,NA
Crowded House,Australia,NA
Jebediah,Australia,NA
Hilltop Hoods,Australia,NA
The Whitlams,Australia,NA
Tame Impala,Australia,NA
The Temper Trap,Australia,NA
Midnight Oil,Australia,NA
The John Butler Trio,Australia,NA
Jet,Australia,NA
You Am I,Australia,NA
The Cat Empire,Australia,NA
Missy Higgins,Australia,NA
Karnivool,Australia,NA
Angus & Julia Stone,Australia,NA
Birds of Tokyo,Australia,NA
Josh Pyke,Australia,NA
Cut Copy,Australia,NA
The Vines,Australia,NA
Something for Kate,Australia,NA
Cold Chisel,Australia,NA
Empire of the Sun,Australia,NA
Eskimo Joe,Australia,NA
Spiderbait,Australia,NA
John Farnham,Australia,NA
Cog,Australia,NA
Washington,Australia,NA
Nick Cave & The Bad Seeds,Australia,NA
Bernard Fanning,Australia,NA
Cloud Control,Australia,NA
The Cruel Sea,Australia,NA
Sarah Blasko,Australia,NA
Sia,Australia,NA
Pendulum,Australia,NA
The Panics,Australia,NA
george,Australia,NA
Bliss n Eso,Australia,NA
Art vs. Science,Australia,NA
Paul Kelly and The Coloured Girls,Australia,NA
Skyhooks,Australia,NA
Hunters & Collectors,Australia,NA
The Sleepy Jackson,Australia,NA
The Grates,Australia,NA
The Saints,Australia,NA
Pete Murray,Australia,NA
The Waifs,Australia,NA
Lisa Mitchell,Australia,NA
The Go-Betweens,Australia,NA
Dead Letter Circus,Australia,NA
The Butterfly Effect,Australia,NA
Pnau,Australia,NA
Children Collide,Australia,NA
Gypsy & The Cat,Australia,NA
Frenzal Rhomb,Australia,NA
Augie March,Australia,NA
Paul Dempsey,Australia,NA
Hoodoo Gurus,Australia,NA
Machine Gun Fellatio,Australia,NA
U2,Ireland,1992
Marilyn Manson,USA,1996
Rage Against The Machine,USA,1992
U2,Ireland,1987
Beastie Boys,USA,1987
R.E.M.,USA,1992
Deee-Lite,USA,1990
Nirvana,USA,1992
The Eagles,USA,1977
Hunters & Collectors,Australia,1992
The Cure,USA,1980
The Buggles,UK,1979
Blind Melon,USA,1992
Jebediah,Australia,1996
Prodigy,UK,1996
Beck,USA,1993
Macklemore & Ryan Lewis,USA,2012
Of Monsters And Men,Iceland,2012
alt-J,UK,2012
Flume,Australia,2012
Mumford & Sons,UK,2012
Major Lazer,USA,2012
Tame Impala,Australia,2012
Frank Ocean,USA,2012
The Rubens,Australia,2012
Calvin Harris,UK,2012
The Black Keys,USA,2012
Icona Pop,Sweden,2012
Rudimental,UK,2012
Flight Facilities,Australia,2012
Hermitude,Australia,2012
The xx,UK,2012
Disclosure,UK,2012
The Temper Trap,Australia,2012
Ball Park Music,Australia,2012
Chet Faker,Australia,2012
Skrillex,USA,2012
Seth Sentry,Australia,2012
Django Django,UK,2012
Loon Lake,Australia,2012
Bat For Lashes,UK,2012
Alpine,Australia,2012
Florence + The Machine,UK,2012
Parachute Youth,Australia,2012
Lana Del Rey,USA,2012
360,Australia,2012
Miike Snow,Sweden,2012
Two Door Cinema Club,UK,2012
Grimes,Canada,2012
Alabama Shakes,USA,2012
Arctic Monkeys,UK,2012
British India,Australia,2012
MS MR,USA,2012
The Lumineers,USA,2012
Xavier Rudd,Australia,2012
Chance Waters,Australia,2012
Passion Pit,USA,2012
San Cisco,Australia,2012
Thundamentals,Australia,2012
Asta,Australia,2012
Birds Of Tokyo,Australia,2012
The Presets,Australia,2012
The Bamboos,Australia,2012
Knife Party,Australia,2012
Cosmo Jarvis,UK,2012
Jack White,USA,2012
Sticky Fingers,Australia,2012
Kid Cudi,USA,2012
First Aid Kit,Sweden,2012
Avicii,Sweden,2012
Matt Corby,Australia,2012
Kendrick Lamar,USA,2012
Regina Spektor,USA,2012
Ben Folds Five,USA,2012
The Shins,USA,2012
Muse,UK,2012
Illy,Australia,2012
Feed Me & Crystal Fighters,UK,2012
Totally Enormous Extinct Dinosaurs,UK,2012
Santigold,USA,2012
The Jungle Giants,Australia,2012
Hilltop Hoods,Australia,2012
Purity Ring,Canada,2012
The Bloody Beetroots & Greta Svabo Bech,Italy,2012
C2C,France,2012
Allday x C1,Australia,2012
Lisa Mitchell,Australia,2012
Snakadaktal,Australia,2012
The Gaslight Anthem,USA,2012
Last Dinosaurs,Australia,2012
"Kanye West, JAY Z & Big Sean",USA,2012
Kimbra,New Zealand,2012
M.I.A.,UK,2012
Everything Everything,UK,2012
blink-182,Australia,1997
System Of A Down,USA,2001
The Cranberries,UK,1994
The Temper Trap,Australia,2008
Florence + the Machine,UK,2009
Kings Of Leon,USA,2008
Bloc Party,UK,2004
Edward Sharpe & The Magnetic Zeros,USA,2009
Rage Against The Machine,USA,1996
The Kooks,UK,2006
Something For Kate,Australia,2001
TV On The Radio,USA,2006
Foster The People,USA,2010
M.I.A.,UK,2007
Vance Joy,Australia,2013
Lorde,New Zealand,2013
Daft Punk,France,2013
Arctic Monkeys,UK,2013
Flume & Chet Faker,Australia,2013
Lana Del Rey,USA,2013
Matt Corby,Australia,2013
The Preatures,Australia,2013
London Grammar,UK,2013
HAIM,USA,2013
James Blake,UK,2013
Violent Soho,Australia,2013
Arcade Fire,Canada,2013
The Kite String Tangle,Australia,2013
Kanye West,USA,2013
RUFUS,Australia,2013
Birds Of Tokyo,Australia,2013
Disclosure,UK,2013
Rudimental,UK,2013
The Wombats,UK,2013
Vampire Weekend,USA,2013
Chvrches,UK,2013
Foals,UK,2013
Empire Of The Sun,Australia,2013
Thundamentals,Australia,2013
Grouplove,USA,2013
Bloc Party,UK,2013
Touch Sensitive,Australia,2013
San Cisco,Australia,2013
The Amity Affliction,Australia,2013
Boy & Bear,Australia,2013
Max Frost,USA,2013
Childish Gambino,USA,2013
Dustin Tebbutt,Australia,2013
Robert Delong,USA,2013
Queens Of The Stone Age,USA,2013
Flight Facilities,Australia,2013
John Newman,UK,2013
Fatboy Slim & Riva Starr,UK,2013
Cloud Control,Australia,2013
Kingswood,Australia,2013
Andy Bull,Australia,2013
Goldroom,USA,2013
The National,USA,2013
Chet Faker,Australia,2013
Illy,Australia,2013
Bliss N Eso,Australia,2013
Something For Kate,Australia,2013
Sticky Fingers,Australia,2013
Two Door Cinema Club,UK,2013
Busta Rhymes,USA,2013
Major Lazer,USA,2013
Mikhael Paskalev,Norway,2013
SAFIA,Australia,2013
MS MR,USA,2013
A$AP Rocky,USA,2013
Panama,Australia,2013
The Jezabels,Australia,2013
British India,Australia,2013
Remi,Australia,2013
Bring Me The Horizon,UK,2013
John Butler Trio,Australia,2013
Josh Pyke,Australia,2013
The Cat Empire,Australia,2013
St Lucia,USA,2013
Big Scary,Australia,2013
Horrorshow,Australia,2013
Dillon Francis,USA,2013
Karnivool,Australia,2013
Chet Faker,Australia,2014
Peking Duk,Australia,2014
Hilltop Hoods,Australia,2014
Milky Chance,Germany,2014
Mark Ronson,UK,2014
Sia,Australia,2014
Asgeir,Iceland,2014
ZHU,USA,2014
Glass Animals,UK,2014
Vance Joy,Australia,2014
alt-J,UK,2014
The Kite String Tangle,Australia,2014
Illy,Australia,2014
Lorde,New Zealand,2014
Ball Park Music,Australia,2014
Sticky Fingers,Australia,2014
The Amity Affliction,Australia,2014
Future Islands,USA,2014
Meg Mac,Australia,2014
Bluejuice,Australia,2014
Banks,USA,2014
The Griswolds,Australia,2014
The Preatures,Australia,2014
Thundamentals,Australia,2014
Childish Gambino,USA,2014
Lana Del Rey,USA,2014
San Cisco,Australia,2014
SBTRKT,UK,2014
Allday,Australia,2014
Alison Wonderland,Australia,2014
First Aid Kit,Sweden,2014
Flight Facilities,Australia,2014
Broods,New Zealand,2014
Carmada,Australia,2014
Kim Churchill,Australia,2014
Jamie T,UK,2014
FKA twigs,UK,2014
DMA'S,Australia,2014
TV On The Radio,USA,2014
Courtney Barnett,Australia,2014
Kendrick Lamar,USA,2014
Chvrches,UK,2014
Caribou,Canada,2014
Kingswood,Australia,2014
Röyksopp,Norway,2014
Andy Bull,Australia,2014
Angus & Julia Stone,Australia,2014
The War On Drugs,USA,2014
clipping.,USA,2014
Jungle,UK,2014
Bring Me The Horizon,UK,2014
The Smith Street Band,Australia,2014
Odd Mob,Australia,2014
Run The Jewels,USA,2014
Röyksopp & Robyn,Norway,2014
Duke Dumont,UK,2014
360,Australia,2014
Highasakite,Norway,2014
Jack White,USA,2014
Rise Against,USA,2014
The Avener,France,2014
Hopium,Australia,2014
British India,Australia,2014
Foo Fighters,USA,2014
Briggs,Australia,2014
DZ Deathrays,Australia,2014
Cold War Kids,USA,2014
One Day,Australia,2014
Thelma Plum,Australia,2014
SAFIA,Australia,2014
Japanese Wallpaper,Australia,2014
Bombay Bicycle Club,UK,2014
Tkay Maidza,Australia,2014
The Rubens,Australia,2015
Kendrick Lamar,USA,2015
Major Lazer,USA,2015
Tame Impala,Australia,2015
Marcus Marr & Chet Faker,Australia,2015
Jarryd James,Australia,2015
Hermitude,Australia,2015
The Weeknd,Canada,2015
Disclosure,UK,2015
Meg Mac,Australia,2015
RÜFÜS,Australia,2015
Duke Dumont,UK,2015
Drake,Canada,2015
Violent Soho,Australia,2015
Vance Joy,Australia,2015
DJ Snake,France,2015
Macklemore & Ryan Lewis,USA,2015
Foals,UK,2015
Gang Of Youths,Australia,2015
L D R U,Australia,2015
SAFIA,Australia,2015
Flume,Australia,2015
The Amity Affliction,Australia,2015
Jamie xx,UK,2015
Vallis Alps,Australia,2015
The Wombats,UK,2015
Peking Duk,Australia,2015
Chvrches,UK,2015
Urthboy,Australia,2015
Snakehips,UK,2015
Florence + The Machine,UK,2015
Illy,Australia,2015
Claptone,Germany,2015
Halsey,USA,2015
Courtney Barnett,Australia,2015
Hayden James,Australia,2015
Bring Me The Horizon,UK,2015
The Chemical Brothers,UK,2015
Asta,Australia,2015
Parkway Drive,Australia,2015
San Cisco,Australia,2015
BOO SEEKA,Australia,2015
Ratatat,USA,2015
Matt Corby,Australia,2015
ZHU x Skrillex x THEY.,USA,2015
Unknown Mortal Orchestra,New Zealand,2015
Sia,Australia,2015
Alpine,Australia,2015
Alison Wonderland,Australia,2015
MØ,Denmark,2015
Boy & Bear,Australia,2015
A$AP Rocky,USA,2015
Alabama Shakes,USA,2015
Tkay Maidza,Australia,2015
Skepta,UK,2015
Japanese Wallpaper,Australia,2015
Grimes,Canada,2015
Birds Of Tokyo,Australia,2015
Ngaiire,Australia,2015
British India,Australia,2015
DMA'S,Australia,2015
Jack Garratt,UK,2015
The Cat Empire,Australia,2015
Tuka,Australia,2015
Flight Facilities,Australia,2015
Sticky Fingers,Australia,2015
Purity Ring,Canada,2015
The Bennies,Australia,2015
Lana Del Rey,USA,2015
What So Not,Australia,2015
Golden Features,Australia,2015
Jai Wolf,USA,2015
Rudimental,UK,2015
Methyl Ethel,Australia,2015
Seth Sentry,Australia,2015
Flume,Australia,2016
Amy Shark,Australia,2016
Tash Sultana,Australia,2016
Hilltop Hoods,Australia,2016
Childish Gambino,USA,2016
DMA'S,Australia,2016
Illy,Australia,2016
Peking Duk,Australia,2016
The Weeknd,Canada,2016
Pnau,Australia,2016
Milky Chance,Germany,2016
Mura Masa,UK,2016
Violent Soho,Australia,2016
Miike Snow,Sweden,2016
A.B. Original,Australia,2016
Big Scary,Australia,2016
Chance The Rapper,USA,2016
Catfish And The Bottlemen,UK,2016
The xx,UK,2016
The Smith Street Band,Australia,2016
Kanye West,USA,2016
Cub Sport,Australia,2016
Montaigne,Australia,2016
SAFIA,Australia,2016
Gretta Ray,Australia,2016
The Avalanches,Australia,2016
Sticky Fingers,Australia,2016
RÜFÜS,Australia,2016
Drake,Canada,2016
Dune Rats,Australia,2016
Client Liaison,Australia,2016
Glass Animals,UK,2016
Kid Cudi,USA,2016
Broods,New Zealand,2016
MØ,Denmark,2016
D.D Dumbo,Australia,2016
Mac Miller,USA,2016
Kingswood,Australia,2016
Gang Of Youths,Australia,2016
Halsey,USA,2016
Blink-182,USA,2016
Paces,Australia,2016
Ali Barter,Australia,2016
Frank Ocean,USA,2016
Sofi Tukker,USA,2016
King Gizzard & The Lizard Wizard,Australia,2016
DOPE LEMON,Australia,2016
Maggie Rogers,USA,2016
The Amity Affliction,Australia,2016
Beyoncé,USA,2016
L D R U,Australia,2016
Golden Features,Australia,2016
Camp Cope,Australia,2016
Vera Blue,Australia,2016
Radiohead,UK,2016
Banks,USA,2016
Desiigner,USA,2016
Thundamentals,Australia,2016
Tkay Maidza,Australia,2016
Bliss N Eso,Australia,2016
Luca Brasi,Australia,2016
Empire Of The Sun,Australia,2016
Vallis Alps,Australia,2016
Elk Road,Australia,2016
Alex Lahey,Australia,2016
Birds Of Tokyo,Australia,2016
Kendrick Lamar,USA,2017
Gang Of Youths,Australia,2017
Angus & Julia Stone,Australia,2017
Methyl Ethel,Australia,2017
Lorde,New Zealand,2017
PNAU,Australia,2017
Thundamentals,Australia,2017
Vance Joy,Australia,2017
BROCKHAMPTON,USA,2017
Peking Duk & AlunaGeorge,Australia,2017
Khalid,USA,2017
Vera Blue,Australia,2017
The Jungle Giants,Australia,2017
Baker Boy,Australia,2017
Ball Park Music,Australia,2017
The Killers,USA,2017
Peking Duk,Australia,2017
The Smith Street Band,Australia,2017
The Wombats,UK,2017
Alex The Astronaut,Australia,2017
Post Malone,USA,2017
Amy Shark,Australia,2017
Portugal. The Man,USA,2017
Winston Surfshirt,Australia,2017
Tash Sultana,Australia,2017
Meg Mac,Australia,2017
Touch Sensitive,Australia,2017
Hayden James,Australia,2017
Angie McMahon,Australia,2017
Drake,Canada,2017
Alex Lahey,Australia,2017
Calvin Harris,UK,2017
Billie Eilish,USA,2017
Skegss,Australia,2017
Holy Holy,Australia,2017
CamelPhat & Elderbrook,UK,2017
Allday,Australia,2017
Mallrat,Australia,2017
HAIM,USA,2017
Ocean Alley,Australia,2017
Big Shaq,UK,2017
Macklemore,USA,2017
Bliss N Eso,Australia,2017
Hockey Dad,Australia,2017
Dune Rats,Australia,2017
Odette,Australia,2017
Camp Cope,Australia,2017
Charli XCX,UK,2017
E^ST,Australia,2017
Jack River,Australia,2017
Arcade Fire,Canada,2017
N.E.R.D. & Rihanna,USA,2017
DZ Deathrays,Australia,2017
Kingswood,Australia,2017
Yungblud,UK,2017
Nothing But Thieves,UK,2017
alt-J,UK,2017
King Gizzard & The Lizard Wizard,Australia,2017
Lil Uzi Vert,USA,2017
The Rubens,Australia,2017
San Cisco,Australia,2017
The xx,UK,2017
Logic,USA,2017
Vallis Alps,Australia,2017
Boo Seeka,Australia,2017
Queens Of The Stone Age,USA,2017
Paul Dempsey,Australia,2017
DMA'S,Australia,2017
Flume,Australia,2017
Stormzy,UK,2017
The Presets,Australia,2017
Kim Churchill,Australia,2017
Future,USA,2017
Cub Sport,Australia,2017
Flight Facilities,Australia,2017
Snakehips & M&Oslash;,UK,2017
Ocean Alley,Australia,2018
FISHER,Australia,2018
Travis Scott,USA,2018
Childish Gambino,USA,2018
Amy Shark,Australia,2018
Dean Lewis,Australia,2018
Mallrat,Australia,2018
Billie Eilish,USA,2018
Ruby Fields,Australia,2018
Skegss,Australia,2018
A$AP Rocky,USA,2018
Wafia,Australia,2018
Hayden James,Australia,2018
Hockey Dad,Australia,2018
Broods,New Zealand,2018
KIAN,Australia,2018
The Rubens,Australia,2018
RÃœFÃœS DU SOL,Australia,2018
Hilltop Hoods,Australia,2018
Thundamentals,Australia,2018
Vera Blue,Australia,2018
Post Malone & Swae Lee,USA,2018
Kendrick Lamar & SZA,USA,2018
Peking Duk,Australia,2018
Cub Sport,Australia,2018
Alison Wonderland,Australia,2018
Post Malone,USA,2018
King Princess,USA,2018
Mac Miller,USA,2018
Ziggy Alberts,Australia,2018
G Flip,Australia,2018
Drake,Canada,2018
DMA'S,Australia,2018
Bring Me The Horizon,UK,2018
DZ Deathrays,Australia,2018
San Cisco,Australia,2018
Angie McMahon,Australia,2018
Baker Boy,Australia,2018
Khalid,USA,2018
Vance Joy,Australia,2018
Halsey,USA,2018
The Presets,Australia,2018
Bene,New Zealand,2018
Meg Mac,Australia,2018
Middle Kids,Australia,2018
Methyl Ethel,Australia,2018
Flight Facilities,Australia,2018
Anderson .Paak,USA,2018
benny blanco,USA,2018
The Wombats,UK,2018
Nothing But Thieves,UK,2018
Kira Puru,Australia,2018
Polish Club,Australia,2018
CHVRCHES,UK,2018
Thelma Plum,Australia,2018
Mark Ronson,UK,2018
Jack River,Australia,2018
Florence + The Machine,UK,2018
BROCKHAMPTON,USA,2018
Tash Sultana,Australia,2018
Lime Cordiale,Australia,2018
Ruel,Australia,2018
WAAX,Australia,2018
Trophy Eyes,Australia,2018
The Amity Affliction,Australia,2018
Arctic Monkeys,UK,2018
Odette,Australia,2018
Kanye West,USA,2018
YUNGBLUD,UK,2018
Billie Eilish,USA,NA
Flume,Australia,NA
Mallrat,Australia,NA
Tones and I,Australia,NA
Denzel Curry,USA,NA
G Flip,Australia,NA
Lime Cordiale,Australia,NA
The Jungle Giants,Australia,NA
Thelma Plum,Australia,NA
Hilltop Hoods,Australia,NA
Post Malone,USA,NA
FIDLAR,USA,NA
Sofi Tukker,USA,NA
Tame Impala,Australia,NA
BENEE,New Zealand,NA
DMA'S,Australia,NA
The Chats,Australia,NA
Ruel,Australia,NA
"Tyler, The Creator",USA,NA
Ocean Alley,Australia,NA
Stormzy,UK,NA
Lizzo,USA,NA
MEDUZA,Italy,NA
Skegss,Australia,NA
Dom Dolla,Australia,NA
Glass Animals,UK,NA
PNAU,Australia,NA
Duke Dumont,UK,NA
Catfish and the Bottlemen,UK,NA
Halsey,USA,NA
Travis Scott,USA,NA
Juice WRLD,USA,NA
Baker Boy,Australia,NA
Dean Lewis,Australia,NA
BROCKHAMPTON,USA,NA
Ziggy Alberts,Australia,NA
Holy Holy,Australia,NA
FISHER,Australia,NA
Khalid,USA,NA
J. Cole,USA,NA
Slowly Slowly,Australia,NA
Mallrat x Basenji,Australia,NA
Hockey Dad,Australia,NA
Bakar,UK,NA
George Alice,Australia,NA
Illy,Australia,NA
Violent Soho,Australia,NA
E^ST,Australia,NA
The Weeknd,Canada,NA
Angie McMahon,Australia,NA
Cub Sport,Australia,NA
Hayden James and NAATIONS,Australia,NA
Golden Features x The Presets,Australia,NA
Meg Mac,Australia,NA
Spacey Jane,Australia,NA
Peking Duk & Jack River,Australia,NA
Alex Lahey,Australia,NA
DOPE LEMON,Australia,NA
Lana Del Rey,USA,NA
Slipknot,USA,NA
Kanye West,USA,NA
Meduza x Becky Hill x Goodboys,Italy,NA
Sampa the Great,Australia,NA
Client Liaison,Australia,NA
Allday,Australia,NA
Adrian Eagle,Australia,NA
Bring Me The Horizon,UK,NA
San Cisco,Australia,NA
Cosmo's Midnight,Australia,NA
Dune Rats,Australia,NA
RÜFÜS DU SOL,Australia,2015
Gang of Youths,Australia,2015
Nick Murphy / Chet Faker,Australia,2014
Gang of Youths,Australia,2017
M83,USA,2011
JAY-Z & Kanye West,USA,2011
Of Monsters and Men,Iceland,2012
Avicii,Sweden,2011
Arctic Monkeys,UK,2010
Florence + The Machine,UK,2011
"Macklemore & Ryan Lewis, Wanz",USA,2012
RÜFÜS DU SOL,Australia,2016
Azealia Banks,USA,2012
Flume & Nick Murphy / Chet Faker,Australia,2013
Catfish and the Bottlemen,UK,2016
Billie Eilish,USA,2019
Robyn,Sweden,2010
Mallrat,Australia,2019
Ruel,Australia,2019
J. Cole,USA,2014
Rex Orange County,UK,2017
Adele,UK,2010
BENEE,New Zealand,2020
Hockey Dad,Australia,2020
Joji,Japan/USA,2020
Stormzy,UK,2020
Illy,Australia,2020
Aitch x AJ Tracey,UK,2020
Internet Money,USA,2020
Thelma Plum,Australia,2020
Bugs,Australia,2020
Billie Eilish,USA,2020
The Jungle Giants,Australia,2020
BRONSON,Australia/USA,2020
Teenage Joans,Australia,2020
Drake,Canada,2020
Dune Rats,Australia,2020
Dominic Fike,USA,2020
Cosmo's Midnight & Ruel,Australia,2020
The Chats,Australia,2020
Spacey Jane,Australia,2020
FISHER,Australia,2020
G Flip,Australia,2020
Sofi Tukker & Gorgon City,USA/UK,2020
London Grammar,UK,2020
Remi Wolf,USA,2020
LAUREL,UK,2020
Genesis Owusu,Australia,2020
Ocean Alley,Australia,2020
Bring Me The Horizon & YUNGBLUD,UK,2020
Chet Faker,Australia,2020
Hope D,Australia,2020
Vera Blue,Australia,2020
Doja Cat,USA,2020
Skegss,Australia,2020
Amy Shark,Australia,2020
The Amity Affliction,Australia,2020
Ball Park Music,Australia,2020
Ruby Fields,Australia,2020
The Kid LAROI,Australia,2020
Tones And I,Australia,2020
Beddy Rays,Australia,2020
San Cisco,Australia,2020
Alex the Astronaut,Australia,2020
Eiffel 65,Italy/Australia,2020
The Weeknd,Canada,2020
DMA'S,Australia,2020
Glass Animals,UK,2020
Peking Duk & The Wombats,Australia/UK,2020
Juice WRLD,USA,2020
Headie One,UK,2020
Architects,UK,2020
Tash Sultana,Australia,2020
Ruel,Australia,2020
Ziggy Alberts,Australia,2020
Jack Harlow,USA,2020
The Smith Street Band,Australia,2020
Bring Me The Horizon,UK,2020
Machine Gun Kelly,USA,2020
The Avalanches,Australia,2020
Tame Impala,Australia,2020
Birdz,Australia,2020
Sycco,Australia,2020
Lime Cordiale,Australia,2020
Mac Miller,USA,2020
Eves Karydas,Australia,2020
Stace Cadet & KLP,Australia,2020
Halsey,USA,2020
Mallrat,Australia,2020
Mashd N Kutcher,Australia,2020
Hilltop Hoods,Australia,2020
Cardi B,USA,2020
Flume,Australia,2020
Holy Holy,Australia,2021
Ziggy Ramo,Australia,2021
Adam Newling,Australia,2021
Kanye West,USA,2021
Client Liaison,Australia,2021
alt-J,UK,2021
Tyne-James Organ,Australia,2021
Baby Keem,USA,2021
Slowly Slowly,Australia,2021
Telenova,Australia,2021
Hayden James,Australia,2021
Jungle,UK,2021
Baker Boy,Australia,2021
FISHER,Australia,2021
The Buoys,Australia,2021
Teenage Joans,Australia,2021
Doja Cat & The Weeknd,USA/Canada,2021
Lorde,New Zealand,2021
Billie Eilish,USA,2021
Dave,UK,2021
SZA,USA,2021
"Tyler, The Creator",USA,2021
The Terrys,Australia,2021
Genesis Owusu,Australia,2021
Tones And I,Australia,2021
Lizzo,USA,2021
Vera Blue,Australia,2021
Halsey,USA,2021
The Amity Affliction,Australia,2021
Sly Withers,Australia,2021
The Jungle Giants,Australia,2021
Olivia Rodrigo,USA,2021
Tame Impala,Australia,2021
Luude,Australia,2021
G Flip,Australia,2021
Lana Del Rey,USA,2021
Dom Dolla,Australia,2021
Machine Gun Kelly,USA,2021
Ruby Fields,Australia,2021
Gang of Youths,Australia,2021
King Stingray,Australia,2021
Skegss,Australia,2021
Ocean Alley,Australia,2021
The Weeknd,Canada,2021
Cardi B,USA,2021
The Rions,Australia,2021
Dune Rats,Australia,2021
ACRAZE,USA,2021
"Bruno Mars, Anderson .Paak & Silk Sonic",USA,2021
Wet Leg,UK,2021
Bring Me The Horizon,UK,2021
Peking Duk,Australia,2021
Lime Cordiale & Idris Elba,Australia/UK,2021
girl in red,Norway,2021
Middle Kids,Australia,2021
The Rubens,Australia,2021
Doja Cat,USA,2021
WILLOW,USA,2021
Peach PRC,Australia,2021
The Wombats,UK,2021
Spacey Jane,Australia,2021
Lil Nas X,USA,2021
Amyl and The Sniffers,Australia,2021
DOPE LEMON,Australia,2021
RÜFÜS DU SOL,Australia,2021
bbno$,Canada,2021
Glass Animals,UK,2021
Ball Park Music,Australia,2021
Tom Cardy,Australia,2021
Sam Fender,UK,2021
Vance Joy,Australia,2021
Lil Nas X & Jack Harlow,USA,2021
Gang Of Youths,Australia,2021
The Kid LAROI & Justin Bieber,Australia/Canada,2021
The Wiggles,Australia,2021
Flume [Ft. MAY-A],Australia,2022
Eliza Rose & Interplanetary Criminal,UK,2022
Spacey Jane,Australia,2022
Steve Lacy,USA,2022
Lizzo,USA,2022
Ball Park Music,Australia,2022
Gang Of Youths,Australia,2022
Joji,Japan,2022
G Flip [Ft. Lauren Sanderson],Australia/USA,2022
Jack Harlow,USA,2022
Gorillaz [Ft. Tame Impala/Bootie Brown],UK/Australia/USA,2022
Fred again..,UK,2022
Lime Cordiale,Australia,2022
Peach PRC,Australia,2022
Genesis Owusu,Ghana/Australia,2022
Fred again.. & Swedish House Mafia [Ft. Future],UK/Sweden/USA,2022
Skegss,Australia,2022
SZA,USA,2022
Thelma Plum,Australia,2022
Doja Cat,USA,2022
Dune Rats,Australia,2022
Beyoncé,USA,2022
King Stingray,Australia,2022
Luude & Mattafix,Australia/UK,2022
Vance Joy,Australia,2022
Flume [Ft. Toro y Moi],Australia/USA,2022
Baker Boy [Ft. Bernard Fanning],Australia,2022
Billie Eilish,USA,2022
The Kid LAROI,Australia,2022
Dom Dolla [Ft. Clementine Douglas],Australia/UK,2022
Bring Me The Horizon,UK,2022
Central Cee,UK,2022
Kendrick Lamar,USA,2022
Drake & 21 Savage,Canada/UK,2022
Paramore,USA,2022
Sycco,Australia/USA,2022
Ruel,UK/Australia,2022
FISHER & Shermanology,Australia/Netherlands,2022
Lil Nas X,USA,2022
Flume,Australia,2022
Post Malone,USA,2022
Skin On Skin,Australia,2022
The Chats,Australia,2022
Hilltop Hoods [Ft. Montaigne/Tom Thum],Australia,2022
Teen Jesus and the Jean Teasers,Australia,2022
Ocean Alley,Australia,2022
Pacific Avenue,Australia,2022
The 1975,UK,2022
venbee x goddard.,UK,2022
Teenage Dads,Australia,2022
The Rions,Australia,2022
RAYE [Ft. 070 Shake],UK/USA,2022
FISHER [Ft. MERYLL],Australia/Netherlands,2022
Machine Gun Kelly [Ft. Bring Me The Horizon],USA/UK,2022
Amy Shark,Australia,2022
Hilltop Hoods [Ft. Eamon],Australia/USA,2022
Tame Impala,Australia,2022
Tate McRae,Canada,2022
Drake [Ft. 21 Savage],Canada/UK,2022
Arctic Monkeys,UK,2022
Violent Soho,Australia,2022
Denzel Curry,USA,2022
BENEE,New Zealand,2022
The Wombats,UK,2022
Beddy Rays,Australia,2022
DMA'S,Australia,2022
Parkway Drive,Australia,2022
The Amity Affliction,Australia,2022
The Smith Street Band,Australia,2022
Florence + The Machine,UK,2022
Sam Fender,UK,2022
Lime Cordiale & Idris Elba,UK,2022
Omar Apollo,USA,2022
G Flip,Australia,2022
Yung Gravy,USA,2022
MEDUZA x James Carter [Ft. Elley Duhé/Fastboy],Italy/UK/US/Germany,2022
Phoebe Bridgers,USA,2022
Denzel Curry,USA,2019
Lime Cordiale,Australia,2019
A.B. Original [Ft. Paul Kelly/Dan Sultan],Australia,2016
Alex Lahey,Australia,2019
Paces [Ft. Guy Sebastian],Australia,2016
Flume [Ft. Toro y Moi],Australia,2022
Beddy Rays,Australia,2021
The Herd,Australia,2012
Skegss,Australia,2019
YUNGBLUD & Halsey,UK/USA,2019
Arctic Monkeys,UK,2014
Childish Gambino,USA,2015
Triple One,Australia,2021
CHVRCHES,UK,2014
Dear Seattle,Australia,2019
The Vanns,Australia,2020
Catfish And The Bottlemen,UK,2015
Cub Sport,Australia,2019
The Terrys,Australia,2022
Camp Cope,Australia,2022
Gang of Youths,Australia,2022
Allday [Ft. The Veronicas],Australia,2019
Missy Higgins,Australia,2012
Something for Kate,Australia,2013
Baker Boy,Australia,2022
Dave Winnel,Australia,2022
AURORA,Norway,2017
Polaris,Australia,2020
Hilltop Hoods,Australia,2019
Sarah Blasko,Australia,2016
Hockey Dad [Ft. Hatchie],Australia,2019
Matt Corby,Australia,2016
Flume [Ft. Kučka/Vera Blue/Ngaiire/Vince Staples],Australia/USA,2016
Glass Animals,UK,2022
Angie McMahon,Australia,2019
Ruby Fields,Australia,2019
Something For Kate,Australia,2021
Confidence Man,Australia,2022
Bad//Dreems [Ft. Peter Garrett/Mambali/Emily Wurramara],Australia,2019
Art vs Science,Australia,2015
CXLOE,Australia,2020
Stella Donnelly,Australia,2020
JK-47,Australia,2021
Angus & Julia Stone,Australia,2018
Slowly Slowly,Australia,2019
Julia Jacklin,Australia,2017
Tove Lo,Sweden,2022
Gretta Ray,Australia,2021
AURORA,Norway,2019
Ocean Grove,Australia,2021
Tones And I,Australia,2019
Wet Leg,UK,2022
grentperez,Australia,2022
Boy & Bear [Ft. Annie Hamilton],Australia,2021
Stand Atlantic,Australia,2020
Northeast Party House,Australia,2017
George Alice,Australia,2022
Doja Cat,USA,2023
G Flip,Australia,2023
Dom Dolla,Australia,2023
MK & Dom Dolla,USA/Australia,2023
cassö x RAYE x D-Block Europe,UK,2023
Fred again.. & Obongjayar,UK/Nigeria,2023
Billie Eilish,USA,2023
Troye Sivan,Australia,2023
Jack Harlow,USA,2023
Post Malone,USA,2023
Olivia Rodrigo,USA,2023
"Skrillex, Fred Again.. & Flowdan",USA/UK,2023
SZA,USA,2023
FISHER x Kita Alexander,Australia,2023
Peggy Gou,South Korea,2023
Dave & Central Cee,UK,2023
Jungle,UK,2023
Dom Dolla & Nelly Furtado,Australia/Canada,2023
Budjerah,Australia,2023
Spacey Jane,Australia,2023
Tate McRae,Canada,2023
FISHER x Aatig,Australia/Latvia,2023
Drake,Canada/USA,2023
Lime Cordiale,Australia,2023
Dua Lipa,UK,2023
Lana Del Rey,USA,2023
boygenius,USA,2023
Fred again.. x Skrillex x Four Tet,UK/USA,2023
PinkPantheress & Ice Spice,UK/USA,2023
Hilltop Hoods,Australia,2023
The Rions,Australia,2023
BENEE,New Zealand,2023
"The Weeknd, Playboy Carti & Madonna",Canada/USA,2023
Mitski,USA/Japan,2023
Hockey Dad,Australia,2023
Kenya Grace,UK/South Africa,2023
Old Mervs,Australia,2023
Kylie Minogue,Australia,2023
Fred again.. & Jozzy,UK/USA,2023
Teen Jesus and the Jean Teasers,Australia,2023
King Stingray,Australia,2023
blink-182,USA,2023
Thelma Plum,Australia,2023
Bring Me The Horizon,UK,2023
Pacific Avenue,Australia,2023
The Kid LAROI,Australia,2023
"Tyler, The Creator",USA,2023
Peach PRC,Australia,2023
Peking Duk,Australia,2023
Nicki Minaj & Ice Spice,Trinidad and Tobago/USA/Denmark,2023
Angie McMahon,Australia,2023
Genesis Owusu,Australia/Ghana,2023
DICE,Australia,2023
Tyla,South Africa,2023
Teenage Dads,Australia,2023
Royel Otis,Australia,2023
Ruel,UK/Australia,2023
Sleep Token,UK,2023
The Jungle Giants,Australia,2023
beabadoobee,Philippines/UK,2023
Labrinth,UK,2023
Skrillex & Boys Noize,UK/Germany,2023
The Last Dinner Party,UK,2023
Polaris,Australia,2023
The Terrys,Australia,2023
MAY-A,Australia,2023
Nothing But Thieves,UK,2023
Chillinit,Australia,2023
Slowly Slowly,Australia,2023
Maisie Peters,UK,2023
Chappell Roan,USA,2024
Royel Otis,Australia,2024
Billie Eilish,USA,2024
Lola Young,UK,2024
Gracie Abrams,USA,2024
Charli XCX & Billie Eilish,UK/USA,2024
Dom Dolla,Australia,2024
Kendrick Lamar,USA,2024
G Flip,Australia,2024
Fred again.. & Baby Keem,UK/USA,2024
Addison Rae,USA,2024
"Fred again.., Anderson .Paak, CHIKA",UK/USA,2024
Chase & Status x Stormzy,UK,2024
Dom Dolla & Tove Lo,Australia/Sweden,2024
Ocean Alley,Australia,2024
Gigi Perez,USA,2024
Spacey Jane,Australia,2024
Shaboozey,USA,2024
Charli XCX,UK,2024
Artemas,UK,2024
The Kid LAROI,Australia,2024
Dominic Fike,USA,2024
Post Malone,USA,2024
Charli XCX & Lorde,UK/New Zealand,2024
SZA,USA,2024
"Tyler, The Creator",USA,2024
Charli XCX & Troye Sivan,UK/Australia,2024
Amyl and The Sniffers,Australia,2024
Olivia Rodrigo,USA,2024
Old Mervs,Australia,2024
Tommy Richman,USA,2024
Tate McRae,Canada,2024
Doechii,USA,2024
Ball Park Music,Australia,2024
The Rions,Australia,2024
Fontaines D.C.,Ireland,2024
Clairo,USA,2024
Good Neighbours,UK,2024
Bring Me The Horizon,UK,2024
Noah Kahan,USA,2024
RÜFÜS DU SOL,Australia,2024
Lime Cordiale,Australia,2024
nimino,UK,2024
Beyoncé,USA,2024
Dua Lipa,UK,2024
Childish Gambino,USA,2024
Missy Higgins,Australia,2024
Diffrent,Germany,2024
Jungle,UK,2024
Disclosure,UK,2024
Glass Animals,UK,2024
bbno$,Canada,2024
Wallows,USA,2024
Pacific Avenue,Australia,2024
The Last Dinner Party,UK,2024
The Rubens,Australia,2024
BABYMETAL & Electric Callboy,Japan/Germany,2024
Sam Fender,UK,2024
The Weeknd,Canada,2024
FISHER x Flowdan,Australia/UK,2024
Central Cee,UK,2024
FISHER & AR/CO,Australia/UK,2024
21 Savage,USA/UK,2024
Effy & Mall Grab,UK/Australia,2024
"Future, Metro Boomin, Travis Scott & Playboi Carti",USA,2024
INXS,Australia,1987
The Veronicas,Australia,2007
Cold Chisel,Australia,1984
Paul Kelly,Australia,1997
The Angels,Australia,1978
John Farnham,Australia,1986
Men At Work,Australia,1981
Paul Kelly & The Messengers,Australia,1987
Empire Of The Sun,Australia,2009
Kylie Minogue,Australia,2001
Daryl Braithwaite,Australia,1990
AC/DC,Australia,1979
Natalie Imbruglia,Australia,1998
ICEHOUSE,Australia,1982
Crowded House,Australia,1988
Australian Crawl,Australia,1983
Goanna,Australia,1982
Thelma Plum,Australia,2019
Divinyls,Australia,1990
Jimmy Barnes,Australia,1985
Redgum,Australia,1983
Crowded House,Australia,1991
The Veronicas,Australia,2005
Empire Of The Sun,Australia,2008
The Go-Betweens,Australia,1988
ICEHOUSE,Australia,1987
Stevie Wright,Australia,1974
Savage Garden,Australia,1997
Midnight Oil,Australia,1990
The Screaming Jets,Australia,1991
